{"cameraMode":{"drawMode":0,"name":"Shaded","section":"Shading Mode"},"sceneLighting":true,"audioPlay":false,"sceneViewState":{"m_AlwaysRefresh":false,"showFog":true,"showSkybox":true,"showFlares":true,"showImageEffects":true,"showParticleSystems":true,"showVisualEffectGraphs":true,"m_FxEnabled":true},"in2DMode":false,"pivot":{"x":523.9776000976563,"y":296.1997375488281,"z":-4.437737941741943},"rotation":{"x":0.0012000275310128928,"y":-8.569083775888942e-10,"z":-4.629635216857331e-12,"w":0.9999996423721314},"size":290.75616455078127,"orthographic":false}